<edmx:Edmx
    xmlns:edmx="http://schemas.microsoft.com/ado/2007/06/edmx"
    xmlns:m="http://schemas.microsoft.com/ado/2007/08/dataservices/metadata"
    xmlns:sap="http://www.sap.com/Protocols/SAPData" Version="1.0">
    <edmx:DataServices m:DataServiceVersion="2.0">
        <Schema
            xmlns="http://schemas.microsoft.com/ado/2008/09/edm" Namespace="ZPRS_MY_WORKLIST_SRV" xml:lang="en" sap:schema-version="1">
            <EntityType Name="WorklistItems" sap:content-version="1">
                <Key>
                    <PropertyRef Name="Vbeln"/>
                    <PropertyRef Name="Role"/>
                </Key>
                <Property Name="Vbeln" Type="Edm.String" Nullable="false" MaxLength="10" sap:label="Sales Document" sap:creatable="false" sap:updatable="false" sap:sortable="false" sap:filterable="false"/>
                <Property Name="Role" Type="Edm.String" Nullable="false" MaxLength="2" sap:label="Partner Functn" sap:creatable="false" sap:updatable="false" sap:sortable="false" sap:filterable="false"/>
                <Property Name="Vtext" Type="Edm.String" Nullable="false" MaxLength="20" sap:label="Role Text" sap:creatable="false" sap:updatable="false" sap:sortable="false" sap:filterable="false"/>
                <Property Name="Status" Type="Edm.String" Nullable="false" sap:label="Draft Bill Status - As per Workflow Step" sap:creatable="false" sap:updatable="false" sap:filterable="false"/>
                <Property Name="Pspid" Type="Edm.String" Nullable="false" MaxLength="24" sap:label="Project Def." sap:creatable="false" sap:updatable="false" sap:sortable="false" sap:filterable="false"/>
                <Property Name="BillingPartner" Type="Edm.String" Nullable="false" MaxLength="50" sap:label="String - Case Sensitive" sap:creatable="false" sap:updatable="false" sap:sortable="false" sap:filterable="false"/>
                <Property Name="FeeValue" Type="Edm.Decimal" Nullable="false" Precision="14" Scale="3" sap:unit="Waers" sap:label="Condition value" sap:creatable="false" sap:updatable="false" sap:sortable="false" sap:filterable="false"/>
                <Property Name="ScValue" Type="Edm.Decimal" Nullable="false" Precision="14" Scale="3" sap:unit="Waers" sap:label="Condition value" sap:creatable="false" sap:updatable="false" sap:sortable="false" sap:filterable="false"/>
                <Property Name="HcValue" Type="Edm.Decimal" Nullable="false" Precision="14" Scale="3" sap:unit="Waers" sap:label="Condition value" sap:creatable="false" sap:updatable="false" sap:sortable="false" sap:filterable="false"/>
                <Property Name="WudValue" Type="Edm.Decimal" Nullable="false" Precision="14" Scale="3" sap:unit="Waers" sap:label="Condition value" sap:creatable="false" sap:updatable="false" sap:sortable="false" sap:filterable="false"/>
                <Property Name="NetValue" Type="Edm.Decimal" Nullable="false" Precision="16" Scale="3" sap:unit="Waers" sap:label="Net Value" sap:creatable="false" sap:updatable="false" sap:sortable="false" sap:filterable="false"/>
                <Property Name="Waers" Type="Edm.String" Nullable="false" MaxLength="5" sap:label="Currency" sap:creatable="false" sap:updatable="false" sap:sortable="false" sap:filterable="false" sap:semantics="currency-code"/>
                <Property Name="Comments" Type="Edm.String" Nullable="false" sap:label="String" sap:creatable="false" sap:updatable="false" sap:sortable="false" sap:filterable="false"/>
                <Property Name="Action" Type="Edm.String" Nullable="false" sap:label="String - Case Sensitive" sap:creatable="false" sap:updatable="false" sap:sortable="false" sap:filterable="false"/>
                <Property Name="WiId" Type="Edm.String" Nullable="false" MaxLength="12" sap:label="ID" sap:creatable="false" sap:updatable="false" sap:sortable="false" sap:filterable="false"/>
            </EntityType>
            <EntityContainer Name="ZPRS_MY_WORKLIST_SRV_Entities" m:IsDefaultEntityContainer="true" sap:supported-formats="atom json xlsx">
                <EntitySet Name="WorklistItemsSet" EntityType="ZPRS_MY_WORKLIST_SRV.WorklistItems" sap:creatable="false" sap:updatable="false" sap:deletable="false" sap:pageable="false" sap:content-version="1"/>
            </EntityContainer>
            <atom:link
                xmlns:atom="http://www.w3.org/2005/Atom" rel="self" href="./sap/ZPRS_MY_WORKLIST_SRV/$metadata"/>
                <atom:link
                    xmlns:atom="http://www.w3.org/2005/Atom" rel="latest-version" href="./sap/ZPRS_MY_WORKLIST_SRV/$metadata"/>
                </Schema>
            </edmx:DataServices>
        </edmx:Edmx>